{"initial_reset_timestamp": 1599144832.8183687, "episode_types": ["t", "t", "t", "t", "t", "t", "t", "t", "t", "t", "t"], "timestamps": [1599144836.1423059, 1599144838.8385863, 1599144841.5664732, 1599144844.2962816, 1599144847.0159686, 1599144849.763496, 1599144852.5250242, 1599144855.18398, 1599144857.9210527, 1599144860.6025245], "episode_lengths": [200, 200, 200, 200, 200, 200, 200, 200, 200, 200], "episode_rewards": [-380.49464947939174, -589.2104683608745, -237.1466655180434, -377.7711999459478, -620.3947053560601, -123.66578975864108, -120.95222291730818, -359.1822758883396, -612.1674875572778, -511.56662972849193]}